date,store_id,region,promotion_spent,sales
2018-01-01,7,South,2856,14563
2018-01-02,4,North,8980,9792
2018-01-03,8,South,2998,16918
2018-01-04,5,West,6476,13374
2018-01-05,7,East,5669,7675
2018-01-06,10,West,5318,4170
2018-01-07,3,North,8064,11681
2018-01-08,7,West,8446,13717
2018-01-09,8,East,2431,15450
2018-01-10,5,West,6624,13680
2018-01-11,4,North,8461,13068
2018-01-12,8,South,2819,5462
2018-01-13,8,West,2130,16650
2018-01-14,3,North,7563,3287
2018-01-15,6,North,3658,4161
2018-01-16,5,East,4500,19513
2018-01-17,2,East,9566,5363
2018-01-18,8,West,3120,8983
2018-01-19,6,South,5020,19527
2018-01-20,2,North,4259,11207
2018-01-21,5,West,2823,17758
2018-01-22,1,North,2474,3244
2018-01-23,10,North,3242,6178
2018-01-24,6,South,4243,5176
2018-01-25,9,South,7990,8002
2018-01-26,1,West,6160,3886
2018-01-27,10,South,4134,16721
2018-01-28,3,South,3070,15142
2018-01-29,7,West,1359,5654
2018-01-30,4,South,2141,14984
2018-01-31,9,East,2635,10135
2018-02-01,3,North,5000,3320
2018-02-02,5,North,4361,7654
2018-02-03,3,North,7583,19131
2018-02-04,7,North,8835,13770
2018-02-05,5,West,1006,9553
2018-02-06,9,North,4267,14559
2018-02-07,7,North,7564,12009
2018-02-08,2,North,5928,16482
2018-02-09,4,North,3606,10498
2018-02-10,9,East,6906,9636
2018-02-11,2,North,4273,10362
2018-02-12,10,East,8611,19395
2018-02-13,9,West,1913,19578
2018-02-14,10,South,3011,5537
2018-02-15,5,North,2442,18216
2018-02-16,2,South,6546,6009
2018-02-17,4,South,2829,17209
2018-02-18,7,West,9767,18675
2018-02-19,8,South,7468,18029
2018-02-20,3,East,1929,5077
2018-02-21,1,South,4699,16907
2018-02-22,4,South,2054,6867
2018-02-23,2,South,6744,19152
2018-02-24,8,North,2900,7873
2018-02-25,4,North,7980,11635
2018-02-26,2,East,8069,3297
2018-02-27,6,East,4415,16095
2018-02-28,6,North,1442,12036
2018-03-01,10,East,7218,4015
2018-03-02,4,North,5652,4384
2018-03-03,6,West,8939,11745
2018-03-04,2,South,8833,4260
2018-03-05,10,South,8597,10701
2018-03-06,2,East,5458,13401
2018-03-07,10,North,7591,18519
2018-03-08,4,North,3309,14864
2018-03-09,8,East,7268,18681
2018-03-10,7,North,1910,8543
2018-03-11,9,West,5340,15488
2018-03-12,8,South,5009,13079
2018-03-13,5,East,7628,13744
2018-03-14,2,East,3169,6809
2018-03-15,5,North,3172,10206
2018-03-16,8,East,6668,16746
2018-03-17,10,West,7313,18995
2018-03-18,9,North,9315,19035
2018-03-19,9,North,9036,14671
2018-03-20,1,North,7789,16210
2018-03-21,9,North,1785,8197
2018-03-22,7,West,7139,18553
2018-03-23,9,North,7344,10452
2018-03-24,8,East,3416,11718
2018-03-25,1,West,9988,17859
2018-03-26,8,South,5154,5172
2018-03-27,8,South,6619,16158
2018-03-28,3,East,2936,19663
2018-03-29,1,East,4807,14085
2018-03-30,8,West,8151,6981
2018-03-31,3,South,4236,8247
2018-04-01,3,South,3352,13553
2018-04-02,1,South,2932,9135
2018-04-03,5,South,9556,8573
2018-04-04,10,South,5916,16731
2018-04-05,7,North,6498,10189
2018-04-06,10,East,1946,17541
2018-04-07,9,North,2439,13878
2018-04-08,7,South,8730,14087
2018-04-09,9,West,5857,16667
2018-04-10,8,West,1340,5776
2018-04-11,2,South,1382,12311
2018-04-12,1,South,9491,10697
2018-04-13,7,West,1138,17629
2018-04-14,7,North,1358,11386
2018-04-15,8,North,5931,11044
2018-04-16,5,South,4456,12615
2018-04-17,3,North,2627,18034
2018-04-18,8,West,7626,8060
2018-04-19,6,North,6004,13900
2018-04-20,3,South,7652,8581
2018-04-21,1,West,7416,5014
2018-04-22,3,North,4170,15997
2018-04-23,5,East,4835,13635
2018-04-24,3,West,9017,16648
2018-04-25,1,West,3151,10148
2018-04-26,5,East,7905,17022
2018-04-27,10,East,3834,8919
2018-04-28,7,West,3567,18886
2018-04-29,7,East,2307,9638
2018-04-30,9,South,9848,7651
2018-05-01,10,South,3660,3609
2018-05-02,10,South,4730,10940
2018-05-03,3,West,7207,13348
2018-05-04,7,East,4162,6866
2018-05-05,1,East,2140,19755
2018-05-06,4,North,9458,19999
2018-05-07,4,North,2708,5253
2018-05-08,5,East,4630,7942
2018-05-09,7,East,4211,15330
2018-05-10,7,East,7538,3864
2018-05-11,4,West,1475,4268
2018-05-12,7,East,8684,10454
2018-05-13,3,North,2207,16666
2018-05-14,6,West,2960,15370
2018-05-15,2,East,1557,8229
2018-05-16,10,North,1882,19309
2018-05-17,9,West,5761,7054
2018-05-18,5,East,6867,3935
2018-05-19,6,East,7963,15172
2018-05-20,4,East,8166,13530
2018-05-21,10,West,8929,18560
2018-05-22,7,North,6347,19156
2018-05-23,9,North,8269,19709
2018-05-24,7,South,9125,12726
2018-05-25,1,East,3454,10774
2018-05-26,1,South,5494,4985
2018-05-27,9,South,2946,17252
2018-05-28,9,North,3808,7603
2018-05-29,4,West,7642,18960
2018-05-30,9,West,4825,12462
2018-05-31,3,North,4536,17166
2018-06-01,7,West,7068,10754
2018-06-02,6,South,4802,17246
2018-06-03,8,East,5699,7078
2018-06-04,9,North,2970,15853
2018-06-05,5,East,6806,7042
2018-06-06,1,West,7142,19284
2018-06-07,3,East,3819,17389
2018-06-08,10,West,1364,5575
2018-06-09,8,West,5258,9754
2018-06-10,6,South,4119,4986
2018-06-11,8,West,2863,18470
2018-06-12,9,South,1115,8968
2018-06-13,4,South,8084,10493
2018-06-14,1,South,9016,7103
2018-06-15,1,North,3384,5076
2018-06-16,10,North,4935,5994
2018-06-17,4,West,8742,6744
2018-06-18,7,South,6442,17466
2018-06-19,2,North,3490,17523
2018-06-20,3,South,7980,8594
2018-06-21,1,East,8661,10531
2018-06-22,5,East,2724,10371
2018-06-23,1,East,9182,17547
2018-06-24,8,West,3767,6144
2018-06-25,1,South,2137,16990
2018-06-26,1,East,5117,17083
2018-06-27,2,North,4420,19626
2018-06-28,2,East,6845,10954
2018-06-29,6,East,5778,10269
2018-06-30,7,East,4906,10130
2018-07-01,5,West,4637,9828
2018-07-02,1,North,3953,11844
2018-07-03,1,South,6929,17220
2018-07-04,3,North,1276,9331
2018-07-05,2,South,2999,16397
2018-07-06,5,West,2227,13291
2018-07-07,10,West,7337,13164
2018-07-08,6,West,4735,13450
2018-07-09,7,West,1695,5035
2018-07-10,4,South,5152,14463
2018-07-11,7,East,8901,10977
2018-07-12,8,South,8470,15182
2018-07-13,1,North,8537,3298
2018-07-14,6,West,3841,3923
2018-07-15,8,West,5208,16331
2018-07-16,5,North,9733,9578
2018-07-17,4,South,2088,7875
2018-07-18,2,East,4363,15254
2018-07-19,6,East,1024,13905
2018-07-20,6,North,7144,16353
2018-07-21,1,East,6668,18882
2018-07-22,9,South,5236,12663
2018-07-23,6,South,9068,3941
2018-07-24,3,North,3235,4907
2018-07-25,4,South,8295,7837
2018-07-26,4,West,9392,16680
2018-07-27,3,North,9448,8696
2018-07-28,10,South,4747,19226
2018-07-29,3,North,4175,16543
2018-07-30,3,East,5897,15615
2018-07-31,4,South,6037,4466
2018-08-01,7,West,8427,3375
2018-08-02,4,South,9605,3262
2018-08-03,9,North,3014,14580
2018-08-04,1,North,2381,13136
2018-08-05,8,South,2098,10833
2018-08-06,7,West,4426,4893
2018-08-07,2,West,4655,11106
2018-08-08,8,West,8938,14826
2018-08-09,1,North,1187,4652
2018-08-10,9,South,6409,3599
2018-08-11,9,East,3092,11792
2018-08-12,2,North,3130,6637
2018-08-13,7,West,6242,13355
2018-08-14,10,South,9549,18989
2018-08-15,3,West,6647,12290
2018-08-16,7,East,6185,8599
2018-08-17,10,West,6776,17342
2018-08-18,9,West,8913,16945
2018-08-19,4,East,8547,13762
2018-08-20,1,South,8823,17312
2018-08-21,2,North,8355,10382
2018-08-22,1,South,7465,11982
2018-08-23,5,East,2497,10707
2018-08-24,5,West,3555,7633
2018-08-25,7,South,6409,12269
2018-08-26,9,North,3951,16778
2018-08-27,9,East,2238,10008
2018-08-28,3,South,5727,18523
2018-08-29,3,North,4965,6618
2018-08-30,3,East,6686,3272
2018-08-31,4,North,4701,16007
2018-09-01,8,East,3780,5547
2018-09-02,6,West,8398,6164
2018-09-03,8,South,2588,17414
2018-09-04,1,North,3368,17327
2018-09-05,8,East,6789,18576
2018-09-06,4,North,1436,3946
2018-09-07,1,North,3828,17693
2018-09-08,8,South,2556,19890
2018-09-09,4,West,8570,18540
2018-09-10,6,North,8480,9719
2018-09-11,8,East,1182,11435
2018-09-12,4,East,8190,14350
2018-09-13,3,West,7687,6590
2018-09-14,9,East,6565,13064
2018-09-15,3,West,8241,3390
2018-09-16,9,East,8651,15668
2018-09-17,2,South,6575,14569
2018-09-18,2,North,2589,16029
2018-09-19,2,South,9851,16107
2018-09-20,6,North,1159,5560
2018-09-21,3,North,7555,8867
2018-09-22,9,North,9244,18284
2018-09-23,4,South,7846,4211
2018-09-24,1,North,3307,12121
2018-09-25,4,South,2228,4539
2018-09-26,1,West,8226,11693
2018-09-27,5,East,6590,11921
2018-09-28,4,East,7919,13310
2018-09-29,8,North,6585,15744
2018-09-30,8,South,7046,7386
2018-10-01,7,East,5945,15242
2018-10-02,3,South,8927,17257
2018-10-03,1,South,8016,11947
2018-10-04,1,North,8758,16946
2018-10-05,3,East,6086,8930
2018-10-06,6,North,8161,8402
2018-10-07,7,North,2884,19017
2018-10-08,6,East,2809,3507
2018-10-09,6,East,4167,4436
2018-10-10,6,West,7352,14618
2018-10-11,3,West,7056,11750
2018-10-12,6,South,3437,19122
2018-10-13,8,East,7468,10354
2018-10-14,2,West,6951,14294
2018-10-15,5,South,6276,16840
2018-10-16,1,South,9859,7399
2018-10-17,1,South,8818,8037
2018-10-18,5,West,5728,18848
2018-10-19,3,East,3624,6715
2018-10-20,4,North,6738,17877
2018-10-21,3,South,5232,10837
2018-10-22,1,West,6793,4301
2018-10-23,1,West,5523,10370
2018-10-24,5,North,6571,9411
2018-10-25,6,North,3224,9365
2018-10-26,3,West,9389,18449
2018-10-27,9,East,7091,3692
2018-10-28,5,North,9662,4478
2018-10-29,8,West,7361,9396
2018-10-30,1,North,2948,11448
2018-10-31,5,East,8094,13622
2018-11-01,3,South,7318,19825
2018-11-02,1,North,4796,13073
2018-11-03,4,East,1234,5646
2018-11-04,5,West,4607,8209
2018-11-05,7,North,9043,9533
2018-11-06,1,North,1522,10211
2018-11-07,3,West,6904,12927
2018-11-08,2,South,5888,14927
2018-11-09,9,West,6832,12316
2018-11-10,10,North,8122,15177
2018-11-11,6,West,6842,13846
2018-11-12,10,East,2316,10933
2018-11-13,3,West,2124,8476
2018-11-14,8,North,6621,16853
2018-11-15,8,West,6423,10928
2018-11-16,2,South,3587,5080
2018-11-17,6,West,6672,9089
2018-11-18,7,South,2378,10797
2018-11-19,2,East,4374,11346
2018-11-20,10,South,2519,3904
2018-11-21,2,West,6777,19788
2018-11-22,10,North,8935,12974
2018-11-23,1,South,7093,4184
2018-11-24,8,East,9418,4725
2018-11-25,1,South,6355,14380
2018-11-26,9,South,5968,16057
2018-11-27,6,South,6574,8606
2018-11-28,7,East,5072,6956
2018-11-29,10,West,3257,19555
2018-11-30,7,South,9588,19081
2018-12-01,10,South,5424,3421
2018-12-02,3,North,4237,8540
2018-12-03,2,East,4893,19288
2018-12-04,9,South,3005,18966
2018-12-05,8,East,3016,18882
2018-12-06,10,South,2772,7675
2018-12-07,7,West,9353,12082
2018-12-08,9,West,4976,16009
2018-12-09,4,South,2751,9748
2018-12-10,4,West,9967,9103
2018-12-11,1,South,8430,14348
2018-12-12,8,West,8170,12782
2018-12-13,3,North,7469,8882
2018-12-14,7,North,4220,8798
2018-12-15,2,North,1539,12627
2018-12-16,2,East,2461,11415
2018-12-17,7,East,6184,15466
2018-12-18,6,North,9547,12846
2018-12-19,3,East,1234,15720
2018-12-20,9,West,2548,12145
2018-12-21,10,South,8480,7524
2018-12-22,6,South,5213,9559
2018-12-23,10,South,2673,10620
2018-12-24,10,North,7708,6124
2018-12-25,6,East,8982,11671
2018-12-26,1,West,3100,14706
2018-12-27,4,West,4748,15070
2018-12-28,10,North,4173,11134
2018-12-29,6,West,2815,3924
2018-12-30,6,West,4841,8506
2018-12-31,5,West,9016,16650
2019-01-01,1,West,8011,5395
2019-01-02,8,East,5493,18310
2019-01-03,5,West,1674,11226
2019-01-04,5,South,9088,14781
2019-01-05,7,North,9578,8515
2019-01-06,4,East,3158,6365
2019-01-07,6,West,3661,19972
2019-01-08,4,East,3064,14410
2019-01-09,3,West,4253,12095
2019-01-10,7,South,5979,13361
2019-01-11,8,North,8703,11531
2019-01-12,4,West,9931,7270
2019-01-13,2,West,2401,12906
2019-01-14,10,West,4259,19940
2019-01-15,3,West,4923,14279
2019-01-16,1,North,5214,8452
2019-01-17,8,North,4227,9477
2019-01-18,3,South,3745,9470
2019-01-19,10,North,7091,5062
2019-01-20,7,West,4866,12030
2019-01-21,10,South,6818,4813
2019-01-22,5,South,3222,14671
2019-01-23,10,South,3792,17308
2019-01-24,5,West,5063,5313
2019-01-25,7,East,2524,12706
2019-01-26,9,West,9224,12837
2019-01-27,5,North,7198,8831
2019-01-28,1,North,5025,7056
2019-01-29,10,West,3566,3305
2019-01-30,10,West,3803,17347
2019-01-31,1,South,4709,4689
2019-02-01,2,West,7155,6917
2019-02-02,6,South,1719,5936
2019-02-03,9,North,7516,6862
2019-02-04,8,South,5579,17506
2019-02-05,5,West,1972,17318
2019-02-06,1,North,4718,18300
2019-02-07,7,East,8395,8649
2019-02-08,5,South,5402,18674
2019-02-09,6,North,5552,8560
2019-02-10,7,South,3207,18451
2019-02-11,3,North,5426,4079
2019-02-12,10,North,7919,16983
2019-02-13,3,South,9835,18327
2019-02-14,5,East,9386,15755
2019-02-15,6,North,9680,10235
2019-02-16,9,North,3204,5031
2019-02-17,5,North,6345,11514
2019-02-18,1,East,4276,12095
2019-02-19,4,East,2102,17287
2019-02-20,5,West,6243,8911
2019-02-21,10,South,7614,14695
2019-02-22,10,East,9707,6340
2019-02-23,5,South,6223,10876
2019-02-24,7,West,9584,18896
2019-02-25,4,South,1630,15435
2019-02-26,1,East,7683,4141
2019-02-27,5,South,1277,12281
2019-02-28,7,East,1232,5038
2019-03-01,10,South,6690,7270
2019-03-02,10,East,8659,13046
2019-03-03,6,East,1025,7683
2019-03-04,5,South,8468,19878
2019-03-05,4,West,7410,10116
2019-03-06,2,North,9652,4784
2019-03-07,4,West,4764,6786
2019-03-08,10,South,7599,12190
2019-03-09,10,West,6102,8428
2019-03-10,3,East,8006,9681
2019-03-11,10,North,4483,9893
2019-03-12,1,South,2994,15661
2019-03-13,8,South,9682,17892
2019-03-14,5,South,2072,12643
2019-03-15,4,North,7707,12943
2019-03-16,8,East,1215,13472
2019-03-17,7,South,8605,15992
2019-03-18,2,West,3606,14126
2019-03-19,1,South,9350,9869
2019-03-20,4,South,5781,10669
2019-03-21,8,South,4313,14538
2019-03-22,2,South,8763,13065
2019-03-23,3,East,6939,13171
2019-03-24,1,West,3295,5962
2019-03-25,1,East,6685,16851
2019-03-26,3,West,2696,15979
2019-03-27,5,South,2946,8296
2019-03-28,3,North,3783,17745
2019-03-29,1,East,4644,8730
2019-03-30,1,North,6241,16921
2019-03-31,8,East,7420,3126
2019-04-01,10,South,8557,8602
2019-04-02,2,East,3645,15581
2019-04-03,3,South,7589,18997
2019-04-04,2,East,7353,12211
2019-04-05,3,South,2932,17997
2019-04-06,7,South,2757,9671
2019-04-07,1,West,6085,15271
2019-04-08,10,South,6637,11876
2019-04-09,8,West,2116,5887
2019-04-10,10,South,1492,12654
2019-04-11,10,North,9811,7086
2019-04-12,10,South,8888,7180
2019-04-13,2,North,7474,5841
2019-04-14,3,North,5958,9040
2019-04-15,9,South,3743,13304
2019-04-16,7,North,8866,7758
2019-04-17,4,West,8160,19234
2019-04-18,10,East,6451,8014
2019-04-19,5,South,6258,4375
2019-04-20,2,North,9548,4181
2019-04-21,8,South,8186,3490
2019-04-22,4,West,7102,6729
2019-04-23,9,South,1619,8974
2019-04-24,5,South,1882,4882
2019-04-25,9,North,9988,5987
2019-04-26,4,West,4642,8585
2019-04-27,10,East,2296,6159
2019-04-28,5,East,9436,7530
2019-04-29,9,North,3895,4073
2019-04-30,8,South,7593,16743
2019-05-01,3,North,1929,5693
2019-05-02,1,North,6366,12562
2019-05-03,3,North,9711,7340
2019-05-04,4,South,4212,5156
2019-05-05,2,West,3409,19184
2019-05-06,1,North,9199,10966
2019-05-07,7,South,4423,5580
2019-05-08,8,West,7976,10257
2019-05-09,7,North,8594,5159
2019-05-10,5,East,6158,19172
2019-05-11,1,West,4667,16900
2019-05-12,7,North,6973,14440
2019-05-13,7,West,7236,17678
2019-05-14,9,West,9277,17436
2019-05-15,3,West,3468,15021
2019-05-16,9,West,7217,9772
2019-05-17,1,West,4619,4627
2019-05-18,1,West,2636,14664
2019-05-19,4,North,9155,11219
2019-05-20,9,East,4583,12713
2019-05-21,6,South,5009,11488
2019-05-22,3,West,4326,5181
2019-05-23,1,South,9148,14594
2019-05-24,4,North,3217,10164
2019-05-25,9,West,5967,3901
2019-05-26,3,East,3369,12290
2019-05-27,9,South,4638,5881
2019-05-28,7,West,6722,16058
2019-05-29,4,North,5444,8622
2019-05-30,3,East,8618,4378
2019-05-31,10,South,4947,8650
2019-06-01,5,South,2676,15433
2019-06-02,5,West,2196,12456
2019-06-03,3,East,3787,10036
2019-06-04,9,East,8432,9487
2019-06-05,4,East,8927,7248
2019-06-06,5,East,4318,7603
2019-06-07,4,North,9858,15632
2019-06-08,5,East,7689,3220
2019-06-09,7,South,3176,17226
2019-06-10,9,South,4743,7818
2019-06-11,7,North,9792,10349
2019-06-12,5,South,5422,8618
2019-06-13,10,South,4824,12856
2019-06-14,10,East,3451,7576
2019-06-15,7,South,1628,18207
2019-06-16,10,North,8778,4462
2019-06-17,5,East,4696,18905
2019-06-18,3,West,4674,19252
2019-06-19,7,East,4929,11236
2019-06-20,2,North,3765,10813
2019-06-21,9,East,5369,5068
2019-06-22,10,East,9307,8753
2019-06-23,10,North,5956,10237
2019-06-24,1,East,1692,17175
2019-06-25,6,North,4162,9191
2019-06-26,7,North,2105,17622
2019-06-27,8,West,4008,4001
2019-06-28,10,South,3161,17877
2019-06-29,9,South,9345,13232
2019-06-30,2,East,4699,7476
2019-07-01,10,East,4786,19862
2019-07-02,2,West,5200,3515
2019-07-03,5,West,2913,15478
2019-07-04,5,West,6520,4191
2019-07-05,6,North,2772,13860
2019-07-06,3,West,3780,16448
2019-07-07,8,West,8423,9297
2019-07-08,1,East,3871,19655
2019-07-09,6,West,1660,11334
2019-07-10,4,North,7242,9008
2019-07-11,1,North,2132,10987
2019-07-12,7,East,1699,6332
2019-07-13,9,West,8470,3787
2019-07-14,4,West,7297,9222
2019-07-15,4,North,8812,12873
2019-07-16,6,West,5557,6676
2019-07-17,3,West,3179,5572
2019-07-18,6,West,9275,9915
2019-07-19,7,South,2422,8033
2019-07-20,10,East,4180,10788
2019-07-21,10,South,5316,18689
2019-07-22,3,East,7696,14452
2019-07-23,7,North,1614,7712
2019-07-24,3,West,5570,3066
2019-07-25,2,East,1270,18855
2019-07-26,10,South,3468,15478
2019-07-27,4,West,4607,10533
2019-07-28,8,North,4075,18103
2019-07-29,9,East,1289,7616
2019-07-30,7,East,9120,16277
2019-07-31,1,East,7614,8730
2019-08-01,3,West,4252,13724
2019-08-02,9,South,8415,14772
2019-08-03,1,South,7771,19268
2019-08-04,9,East,1278,15940
2019-08-05,8,North,1580,19932
2019-08-06,1,North,5958,17643
2019-08-07,6,South,9445,3198
2019-08-08,5,North,5276,19955
2019-08-09,6,South,8997,12830
2019-08-10,10,East,5776,16798
2019-08-11,5,South,1824,14469
2019-08-12,6,South,4832,3178
2019-08-13,5,East,9891,3798
2019-08-14,5,North,6445,10601
2019-08-15,4,South,2380,5795
2019-08-16,3,South,7534,15496
2019-08-17,3,East,4156,7588
2019-08-18,4,North,5307,10297
2019-08-19,9,South,6634,6084
2019-08-20,2,East,9575,14110
2019-08-21,9,South,6810,3731
2019-08-22,1,West,9533,4129
2019-08-23,1,East,6934,4605
2019-08-24,5,North,4109,14970
2019-08-25,6,North,5082,13937
2019-08-26,6,North,4240,14362
2019-08-27,3,North,7028,5933
2019-08-28,7,South,2849,18187
2019-08-29,9,South,9497,8074
2019-08-30,10,North,3749,17037
2019-08-31,8,North,7680,10099
2019-09-01,6,North,1205,3893
2019-09-02,8,South,8352,4390
2019-09-03,5,North,5591,7239
2019-09-04,8,North,4450,6432
2019-09-05,10,West,8214,5371
2019-09-06,4,West,4811,4515
2019-09-07,10,North,6141,18906
2019-09-08,8,East,9501,9326
2019-09-09,10,North,3708,17605
2019-09-10,2,West,2991,8586
2019-09-11,5,East,9463,5917
2019-09-12,9,East,4273,18901
2019-09-13,4,North,5538,6793
2019-09-14,6,West,9712,12947
2019-09-15,1,West,4722,18859
2019-09-16,9,East,4551,4577
2019-09-17,1,North,3832,12488
2019-09-18,5,South,6679,12164
2019-09-19,4,South,7579,4030
2019-09-20,3,West,1152,18881
2019-09-21,6,South,6754,13785
2019-09-22,2,West,3800,9691
2019-09-23,3,West,6310,9358
2019-09-24,5,West,3610,4462
2019-09-25,9,South,2104,18511
2019-09-26,2,West,8361,13570
2019-09-27,10,East,5199,18897
2019-09-28,8,North,4854,14646
2019-09-29,2,North,8263,18474
2019-09-30,5,West,2914,10037
2019-10-01,7,North,8365,12499
2019-10-02,8,South,4072,16386
2019-10-03,1,South,1406,9221
2019-10-04,6,North,1166,10769
2019-10-05,1,South,1508,17356
2019-10-06,2,North,2661,10389
2019-10-07,1,North,4664,7922
2019-10-08,5,North,4489,16639
2019-10-09,10,West,1680,13003
2019-10-10,9,North,3524,8178
2019-10-11,6,West,3120,18240
2019-10-12,1,North,6260,6968
2019-10-13,1,North,5357,5716
2019-10-14,2,North,2363,19574
2019-10-15,9,South,3292,16511
2019-10-16,3,West,2538,11181
2019-10-17,1,West,4408,15995
2019-10-18,5,North,8742,14298
2019-10-19,7,North,9752,19762
2019-10-20,6,South,2903,9380
2019-10-21,1,South,1174,3615
2019-10-22,5,South,3230,3463
2019-10-23,5,West,5287,12158
2019-10-24,6,West,5160,6158
2019-10-25,3,West,8106,16434
2019-10-26,5,North,4171,7938
2019-10-27,7,West,2567,8417
2019-10-28,5,East,2151,11881
2019-10-29,5,East,8619,8603
2019-10-30,5,South,7033,5212
2019-10-31,10,West,9560,19766
2019-11-01,10,East,5946,14695
2019-11-02,3,South,9234,12775
2019-11-03,1,West,2907,17559
2019-11-04,5,North,4490,9146
2019-11-05,9,East,3535,3371
2019-11-06,1,North,5173,8565
2019-11-07,3,West,2293,11802
2019-11-08,4,East,5769,11307
2019-11-09,1,West,5796,10437
2019-11-10,1,North,7871,3446
2019-11-11,8,East,3972,4391
2019-11-12,2,North,4922,14516
2019-11-13,8,West,5997,18454
2019-11-14,7,West,8032,14891
2019-11-15,10,North,1992,17998
2019-11-16,10,East,9112,8969
2019-11-17,2,North,6287,12265
2019-11-18,6,West,3240,18861
2019-11-19,6,North,2476,8454
2019-11-20,3,West,7426,6150
2019-11-21,2,North,1389,18386
2019-11-22,1,East,1999,9414
2019-11-23,6,East,2855,7657
2019-11-24,5,North,9125,13486
2019-11-25,9,North,9850,17894
2019-11-26,1,East,3763,8480
2019-11-27,7,West,4663,11033
2019-11-28,5,East,5986,3983
2019-11-29,5,West,2481,11543
2019-11-30,2,North,8256,12916
2019-12-01,3,North,4731,13143
2019-12-02,7,West,8262,18581
2019-12-03,6,North,1451,4907
2019-12-04,2,West,4093,12216
2019-12-05,6,South,1882,11737
2019-12-06,2,East,5408,16757
2019-12-07,2,South,5068,7174
2019-12-08,2,West,4277,18708
2019-12-09,3,East,9566,12297
2019-12-10,2,West,8951,4990
2019-12-11,4,East,5690,8596
2019-12-12,9,East,5595,19374
2019-12-13,6,East,5559,6775
2019-12-14,1,East,8291,18706
2019-12-15,8,West,9160,17645
2019-12-16,7,East,1112,16668
2019-12-17,10,East,6131,18960
2019-12-18,3,South,4197,14357
2019-12-19,1,North,1139,7435
2019-12-20,5,North,2424,18804
2019-12-21,4,South,3949,17626
2019-12-22,10,South,4168,10951
2019-12-23,8,West,9708,9449
2019-12-24,1,West,7043,6199
2019-12-25,10,West,7989,9768
2019-12-26,1,South,8236,12130
2019-12-27,4,South,7261,11633
2019-12-28,8,East,1887,7225
2019-12-29,5,West,4104,19980
2019-12-30,2,West,1049,9054
2019-12-31,6,West,4951,4505
2020-01-01,5,North,4560,12053
2020-01-02,2,East,1018,18749
2020-01-03,3,West,5821,13832
2020-01-04,9,West,7340,19344
2020-01-05,7,West,9058,17783
2020-01-06,7,North,3606,4551
2020-01-07,6,North,8846,18154
2020-01-08,8,South,9643,16799
2020-01-09,4,East,7432,9852
2020-01-10,8,South,4765,4449
2020-01-11,4,East,3438,5659
2020-01-12,8,North,7358,10509
2020-01-13,9,West,9319,5721
2020-01-14,3,South,6941,15444
2020-01-15,3,West,8644,12637
2020-01-16,2,South,5855,13490
2020-01-17,10,North,7547,5925
2020-01-18,3,North,8196,12824
2020-01-19,3,North,6911,9240
2020-01-20,5,South,7481,19896
2020-01-21,5,East,3761,3215
2020-01-22,2,South,5456,10299
2020-01-23,10,East,7361,14523
2020-01-24,6,South,6693,13364
2020-01-25,5,South,6788,6153
2020-01-26,6,North,1201,4706
2020-01-27,1,West,7160,13298
2020-01-28,5,West,1517,4567
2020-01-29,9,East,8737,13400
2020-01-30,10,West,2988,13345
2020-01-31,2,South,4802,4128
2020-02-01,1,South,6808,10867
2020-02-02,10,North,8162,8583
2020-02-03,9,North,7241,7897
2020-02-04,10,West,9399,9001
2020-02-05,9,East,6633,14113
2020-02-06,9,West,6755,7567
2020-02-07,6,West,7309,12271
2020-02-08,8,West,5117,17348
2020-02-09,1,West,9345,14703
2020-02-10,10,South,2518,16329
2020-02-11,4,East,7163,5741
2020-02-12,1,South,3600,9256
2020-02-13,8,East,3195,3228
2020-02-14,1,North,4554,19678
2020-02-15,3,West,3849,7284
2020-02-16,4,South,2742,16264
2020-02-17,8,East,2306,16390
2020-02-18,6,North,4849,3918
2020-02-19,10,North,8519,14445
2020-02-20,7,West,5195,3498
2020-02-21,8,East,6178,5809
2020-02-22,2,South,3555,7961
2020-02-23,10,West,3305,12017
2020-02-24,8,South,8619,6779
2020-02-25,3,North,3642,13050
2020-02-26,7,South,7409,5118
2020-02-27,3,South,5757,9391
2020-02-28,7,West,3994,3145
2020-02-29,2,South,9751,16929
2020-03-01,10,West,2271,17917
2020-03-02,6,North,2813,7565
2020-03-03,3,West,9801,19576
2020-03-04,3,West,3461,9637
2020-03-05,9,East,5120,11243
2020-03-06,7,South,7124,5410
2020-03-07,5,North,9475,4820
2020-03-08,10,West,5396,5521
2020-03-09,7,North,1816,8882
2020-03-10,9,East,8304,4867
2020-03-11,1,South,8331,10465
2020-03-12,7,West,1082,14461
2020-03-13,6,South,2920,9103
2020-03-14,10,East,8817,15197
2020-03-15,9,East,3093,18424
2020-03-16,1,North,8071,19053
2020-03-17,4,West,8967,3240
2020-03-18,9,North,9367,7631
2020-03-19,4,East,6285,12599
2020-03-20,10,South,5937,14694
2020-03-21,3,North,1369,8077
2020-03-22,9,North,2818,6768
2020-03-23,2,South,3101,12142
2020-03-24,4,North,4490,10995
2020-03-25,6,South,2779,16276
2020-03-26,2,West,8674,15746
2020-03-27,8,South,2364,14475
2020-03-28,8,West,8294,9568
2020-03-29,1,South,4676,5601
2020-03-30,3,East,3426,9080
2020-03-31,10,East,9264,16854
2020-04-01,9,West,9089,5159
2020-04-02,5,West,3962,11313
2020-04-03,6,East,1859,7368
2020-04-04,4,West,5138,4317
2020-04-05,10,South,3424,16272
2020-04-06,2,South,5017,4230
2020-04-07,8,East,9560,4301
2020-04-08,6,North,9342,18927
2020-04-09,5,South,2134,4910
2020-04-10,9,West,6166,17904
2020-04-11,1,North,6119,11107
2020-04-12,5,North,6694,5757
2020-04-13,6,South,7136,9464
2020-04-14,5,South,6485,19562
2020-04-15,6,North,5164,12088
2020-04-16,6,North,3346,18124
2020-04-17,7,East,6039,17260
2020-04-18,4,West,5897,12743
2020-04-19,8,East,9252,11683
2020-04-20,7,South,6041,3060
2020-04-21,9,East,4901,12269
2020-04-22,7,East,2337,5895
2020-04-23,3,East,2184,18323
2020-04-24,3,East,5426,15352
2020-04-25,8,West,2551,14875
2020-04-26,5,West,2629,19969
2020-04-27,4,North,2526,8823
2020-04-28,8,South,2361,14962
2020-04-29,6,East,5370,3534
2020-04-30,2,North,6283,7011
2020-05-01,4,North,8610,5155
2020-05-02,4,North,2993,9957
2020-05-03,6,West,1869,12196
2020-05-04,6,East,2014,13691
2020-05-05,1,East,1602,16327
2020-05-06,8,South,1690,5706
2020-05-07,6,East,9685,3001
2020-05-08,3,East,1489,12225
2020-05-09,9,North,7864,17820
2020-05-10,2,South,8240,13891
2020-05-11,8,East,8786,4861
2020-05-12,10,West,9024,8269
2020-05-13,3,East,1294,14112
2020-05-14,5,North,6488,18699
2020-05-15,6,West,5027,11320
2020-05-16,10,North,3912,19821
2020-05-17,6,East,5744,13740
2020-05-18,4,West,2873,6129
2020-05-19,3,South,4258,17380
2020-05-20,4,South,3817,14360
2020-05-21,1,West,9636,8398
2020-05-22,4,West,4641,8529
2020-05-23,1,North,5458,6918
2020-05-24,1,West,6307,19410
2020-05-25,10,North,9933,9937
2020-05-26,6,East,3041,10118
2020-05-27,5,North,1679,19931
2020-05-28,4,West,6738,13860
2020-05-29,3,West,6668,8338
2020-05-30,1,East,8697,15472
2020-05-31,6,West,9033,6140
2020-06-01,2,West,1062,10996
2020-06-02,8,South,8829,18489
2020-06-03,10,South,8352,17201
2020-06-04,5,East,7915,10776
2020-06-05,7,North,9326,7943
2020-06-06,10,South,4644,15886
2020-06-07,2,North,5970,11997
2020-06-08,8,West,9003,10798
2020-06-09,2,South,4278,11092
2020-06-10,4,East,8296,6225
2020-06-11,1,East,4074,14810
2020-06-12,5,East,9312,17914
2020-06-13,9,South,8552,5460
2020-06-14,1,North,2637,11737
2020-06-15,9,West,6103,16920
2020-06-16,8,North,1644,13754
2020-06-17,6,North,3032,13833
2020-06-18,7,West,3761,6114
2020-06-19,3,West,3068,18360
2020-06-20,1,South,1241,12951
2020-06-21,5,South,3668,5565
2020-06-22,2,South,1802,6174
2020-06-23,5,South,6059,5630
2020-06-24,8,South,1195,6161
2020-06-25,9,West,3187,7321
2020-06-26,2,North,3330,16204
2020-06-27,3,South,5841,10099
2020-06-28,3,South,4606,14360
2020-06-29,1,North,9468,13313
2020-06-30,8,South,1060,16502
2020-07-01,6,North,4927,8801
2020-07-02,8,North,7296,17130
2020-07-03,9,West,3591,17271
2020-07-04,5,East,9758,19075
2020-07-05,3,West,7121,7151
2020-07-06,5,East,2200,11911
2020-07-07,5,East,3854,15861
2020-07-08,5,East,8024,3666
2020-07-09,3,South,7972,19667
2020-07-10,10,West,1136,8840
2020-07-11,4,East,2029,6565
2020-07-12,9,North,3594,13426
2020-07-13,10,South,8206,10366
2020-07-14,9,West,1661,18630
2020-07-15,2,East,3472,10382
2020-07-16,8,North,1086,19149
2020-07-17,8,West,7219,18871
2020-07-18,7,West,9143,16273
2020-07-19,8,South,7968,3992
2020-07-20,3,West,3773,9858
2020-07-21,6,South,2700,5121
2020-07-22,1,East,3700,15388
2020-07-23,7,South,7815,7136
2020-07-24,1,North,2647,19727
2020-07-25,9,South,7038,15653
2020-07-26,1,North,6164,18479
2020-07-27,1,South,6520,7823
2020-07-28,7,West,4687,7920
2020-07-29,2,East,1596,8471
2020-07-30,5,North,5545,12533
2020-07-31,8,South,9676,10127
2020-08-01,8,South,9837,6720
2020-08-02,3,South,5757,18696
2020-08-03,7,West,5384,4364
2020-08-04,3,West,9912,5708
2020-08-05,6,North,5733,15982
2020-08-06,6,North,8081,3151
2020-08-07,3,West,9690,5321
2020-08-08,7,North,8117,16865
2020-08-09,3,East,5729,3495
2020-08-10,8,East,2673,14987
2020-08-11,10,West,9306,5148
2020-08-12,4,North,8178,3556
2020-08-13,1,South,3294,16393
2020-08-14,4,East,4630,4552
2020-08-15,7,West,1146,6085
2020-08-16,4,North,4453,3156
2020-08-17,6,West,5507,11926
2020-08-18,9,South,6783,10162
2020-08-19,1,East,8751,11055
2020-08-20,5,West,6628,7654
2020-08-21,7,West,9328,14468
2020-08-22,1,West,4360,3154
2020-08-23,4,South,4005,10950
2020-08-24,6,West,4552,18323
2020-08-25,2,South,1018,7626
2020-08-26,10,South,3242,17259
2020-08-27,5,South,7318,17873
2020-08-28,10,East,6097,16016
2020-08-29,1,East,9640,12369
2020-08-30,6,West,2948,3153
2020-08-31,6,West,6618,10853
2020-09-01,4,East,5236,15379
2020-09-02,8,North,7901,18792
2020-09-03,4,East,2920,8599
2020-09-04,8,South,5188,17785
2020-09-05,8,East,1238,14049
2020-09-06,5,South,1204,3786
2020-09-07,4,West,6552,7368
2020-09-08,2,North,5927,17923
2020-09-09,3,West,5390,7272
2020-09-10,3,South,3687,8994
2020-09-11,4,South,5951,10011
2020-09-12,4,South,7160,17086
2020-09-13,10,North,6388,12261
2020-09-14,5,East,6126,10011
2020-09-15,4,West,1816,4212
2020-09-16,10,West,1192,17141
2020-09-17,8,East,2776,12344
2020-09-18,6,West,4645,9704
2020-09-19,6,North,7314,18896
2020-09-20,8,West,9442,3143
2020-09-21,7,South,2788,13681
2020-09-22,10,East,8374,10367
2020-09-23,10,North,4700,6228
2020-09-24,8,East,4893,7582
2020-09-25,2,North,7811,16147
2020-09-26,9,South,3679,14397
2020-09-27,1,East,4904,9031
2020-09-28,8,West,8260,7243
2020-09-29,4,North,1504,16647
2020-09-30,4,East,7773,14496
2020-10-01,5,West,4816,12549
2020-10-02,8,East,1717,18146
2020-10-03,5,East,5434,7185
2020-10-04,8,East,1658,15486
2020-10-05,10,North,6057,10328
2020-10-06,1,West,5008,19684
2020-10-07,10,South,5994,6010
2020-10-08,9,North,5234,8555
2020-10-09,6,North,4764,3067
2020-10-10,3,North,5637,15185
2020-10-11,8,South,3104,4537
2020-10-12,9,West,7801,19781
2020-10-13,6,West,9575,14549
2020-10-14,7,West,3607,8680
2020-10-15,1,East,9385,11747
2020-10-16,5,East,4719,18116
2020-10-17,5,East,3581,5941
2020-10-18,10,South,3565,13849
2020-10-19,4,East,3763,10067
2020-10-20,6,South,7328,13151
2020-10-21,7,West,6991,18126
2020-10-22,9,East,4406,18613
2020-10-23,1,East,9923,9447
2020-10-24,6,North,5780,8499
2020-10-25,7,South,5177,9273
2020-10-26,3,West,7476,4299
2020-10-27,8,North,3604,9701
2020-10-28,5,North,9181,7994
2020-10-29,9,West,3382,18627
2020-10-30,5,North,1531,10489
2020-10-31,9,South,7079,11269
2020-11-01,10,South,1634,5831
2020-11-02,4,East,1002,14602
2020-11-03,9,North,9397,14819
2020-11-04,5,East,6951,4996
2020-11-05,10,North,6626,14619
2020-11-06,9,South,8739,19661
2020-11-07,3,South,7003,6089
2020-11-08,4,South,3890,3523
2020-11-09,9,North,7239,15410
2020-11-10,10,South,9026,18732
2020-11-11,6,North,4306,11167
2020-11-12,2,East,1897,8190
2020-11-13,7,North,1670,7575
2020-11-14,2,East,8291,10727
2020-11-15,2,North,2505,18378
2020-11-16,1,East,7460,4797
2020-11-17,3,South,6167,5131
2020-11-18,6,East,6255,17900
2020-11-19,8,South,1249,14332
2020-11-20,9,South,7457,9666
2020-11-21,7,East,2892,19526
2020-11-22,4,North,4439,15479
2020-11-23,6,North,3854,4410
2020-11-24,5,West,4792,15665
2020-11-25,8,North,6330,3534
2020-11-26,1,West,8871,6364
2020-11-27,1,North,9235,6342
2020-11-28,6,North,4612,16465
2020-11-29,10,South,3618,7500
2020-11-30,2,West,5678,4172
2020-12-01,5,North,4163,11007
2020-12-02,1,West,3942,4641
2020-12-03,7,South,9411,19855
2020-12-04,1,South,2925,11738
2020-12-05,4,West,3972,7726
2020-12-06,9,South,1990,14789
2020-12-07,1,East,2812,14017
2020-12-08,4,East,9995,3363
2020-12-09,6,South,1489,13358
2020-12-10,6,East,6876,6309
2020-12-11,8,North,4645,19929
2020-12-12,1,West,8081,6240
2020-12-13,7,North,3891,9665
2020-12-14,1,West,4516,15921
2020-12-15,7,South,4340,4936
2020-12-16,3,North,7410,16968
2020-12-17,8,South,1053,14197
2020-12-18,3,South,3575,14998
2020-12-19,1,West,1615,3882
2020-12-20,8,West,6944,9923
2020-12-21,3,West,8404,16708
2020-12-22,2,North,1954,8204
2020-12-23,1,East,2629,10288
2020-12-24,3,West,7859,6203
2020-12-25,2,West,9841,5244
2020-12-26,2,North,4278,3018
2020-12-27,6,West,6455,6083
2020-12-28,1,North,4801,11521
2020-12-29,2,South,3561,3773
2020-12-30,6,West,7539,7732
2020-12-31,3,West,1370,9795
2021-01-01,4,South,1857,9984
2021-01-02,1,South,5886,5567
2021-01-03,8,South,8485,19121
2021-01-04,7,West,1383,4674
2021-01-05,7,East,5334,13875
2021-01-06,3,East,5290,14572
2021-01-07,10,East,3725,3739
2021-01-08,10,West,7204,4545
2021-01-09,3,South,7111,12327
2021-01-10,2,West,5251,8127
2021-01-11,1,South,1922,12065
2021-01-12,7,West,3915,13492
2021-01-13,7,West,8957,16749
2021-01-14,2,South,4046,12045
2021-01-15,7,East,2230,12521
2021-01-16,8,South,8647,11669
2021-01-17,1,North,5933,14283
2021-01-18,9,North,4940,9998
2021-01-19,7,South,7483,16440
2021-01-20,3,West,1203,15697
2021-01-21,8,North,1160,16733
2021-01-22,7,North,9960,4269
2021-01-23,8,West,4748,10868
2021-01-24,6,West,7718,15373
2021-01-25,9,East,3581,8961
2021-01-26,5,West,2093,18734
2021-01-27,3,South,5500,12661
2021-01-28,3,South,9799,11569
2021-01-29,1,East,6710,10557
2021-01-30,8,North,3875,11433
2021-01-31,2,North,4191,18653
2021-02-01,3,West,2837,12111
2021-02-02,8,South,1689,8682
2021-02-03,8,North,4759,18479
2021-02-04,4,East,3103,18047
2021-02-05,4,East,1365,11084
2021-02-06,5,South,9092,19453
2021-02-07,6,East,5172,9200
2021-02-08,5,East,7033,13278
2021-02-09,7,South,3378,5007
2021-02-10,2,West,2205,18802
2021-02-11,7,West,5988,16329
2021-02-12,10,East,6669,5779
2021-02-13,7,West,3735,3755
2021-02-14,1,West,9490,9495
2021-02-15,7,East,1956,13187
2021-02-16,5,West,7623,12513
2021-02-17,3,East,2474,10347
2021-02-18,3,North,5460,17249
2021-02-19,4,South,8002,17879
2021-02-20,2,South,7396,17057
2021-02-21,2,West,3828,15057
2021-02-22,1,West,3850,7938
2021-02-23,5,West,3964,3737
2021-02-24,4,South,5594,9200
2021-02-25,10,North,7644,11371
2021-02-26,2,North,3850,19615
2021-02-27,3,South,1165,11534
2021-02-28,7,North,1919,5623
2021-03-01,7,South,9305,11646
2021-03-02,4,North,4504,16543
2021-03-03,5,East,1991,15817
2021-03-04,5,East,7047,7497
2021-03-05,6,South,4839,10933
2021-03-06,9,North,2258,9727
2021-03-07,2,West,8609,15156
2021-03-08,5,North,9706,19692
2021-03-09,3,East,5804,11627
2021-03-10,4,East,1067,11368
2021-03-11,10,North,6660,19522
2021-03-12,6,North,5478,19577
2021-03-13,8,West,9210,18577
2021-03-14,1,West,4521,16472
2021-03-15,10,North,1572,3942
2021-03-16,8,North,8082,7620
2021-03-17,7,North,8832,19195
2021-03-18,1,North,6395,14154
2021-03-19,2,South,3258,9353
2021-03-20,3,North,7039,12145
2021-03-21,1,West,1650,12494
2021-03-22,9,East,6741,16562
2021-03-23,8,South,7838,5880
2021-03-24,2,North,3587,3545
2021-03-25,9,East,8876,17132
2021-03-26,7,South,4262,16304
2021-03-27,9,East,2338,4927
2021-03-28,6,North,5996,19388
2021-03-29,6,North,6780,14673
2021-03-30,4,West,3827,18372
2021-03-31,10,North,6232,5663
2021-04-01,10,North,3217,18033
2021-04-02,2,South,4539,12465
2021-04-03,7,West,8845,6326
2021-04-04,5,South,5383,6659
2021-04-05,6,East,3961,7763
2021-04-06,2,North,4226,13828
2021-04-07,5,East,7837,17820
2021-04-08,10,South,8031,14221
2021-04-09,4,North,4716,14211
2021-04-10,9,North,4414,16569
2021-04-11,6,South,2448,8092
2021-04-12,2,South,1570,9022
2021-04-13,1,South,3904,15569
2021-04-14,5,South,3505,16515
2021-04-15,9,South,1917,9159
2021-04-16,6,North,7982,16223
2021-04-17,10,South,8427,11445
2021-04-18,7,North,7336,14022
2021-04-19,5,North,2678,6044
2021-04-20,10,South,1615,12612
2021-04-21,6,South,8086,8636
2021-04-22,5,West,5749,14593
2021-04-23,9,North,4505,19179
2021-04-24,6,South,5529,5892
2021-04-25,8,South,2135,8812
2021-04-26,2,South,9566,3654
2021-04-27,9,West,8226,4798
2021-04-28,5,West,6162,8159
2021-04-29,7,East,1206,14618
2021-04-30,10,North,5875,11446
2021-05-01,1,East,2319,6823
2021-05-02,10,South,2141,19099
2021-05-03,5,West,5627,10787
2021-05-04,10,West,8389,14196
2021-05-05,2,East,3690,9380
2021-05-06,6,West,8323,12702
2021-05-07,1,South,4255,5682
2021-05-08,3,West,9281,3989
2021-05-09,5,East,6213,15476
2021-05-10,4,South,5108,11446
2021-05-11,3,East,4020,7711
2021-05-12,10,West,2857,9479
2021-05-13,5,East,9996,16161
2021-05-14,8,East,3789,17635
2021-05-15,4,North,4875,11075
2021-05-16,1,West,8605,4007
2021-05-17,7,West,9135,10688
2021-05-18,8,East,7055,13763
2021-05-19,3,North,4882,6908
2021-05-20,6,West,8175,14957
2021-05-21,2,South,8129,7379
2021-05-22,7,East,6021,19482
2021-05-23,8,West,5735,3877
2021-05-24,6,South,3387,18585
2021-05-25,6,West,7582,5637
2021-05-26,5,South,6866,10242
2021-05-27,8,East,3566,12257
2021-05-28,1,West,1975,11613
2021-05-29,10,West,8212,5883
2021-05-30,4,North,2262,4204
2021-05-31,4,East,6047,19928
2021-06-01,3,South,8382,14831
2021-06-02,3,West,7231,18464
2021-06-03,4,West,4327,16994
2021-06-04,1,South,6630,9520
2021-06-05,2,East,3259,3654
2021-06-06,9,North,2257,11412
2021-06-07,10,North,1464,6666
2021-06-08,2,West,4294,7277
2021-06-09,5,South,7774,8515
2021-06-10,9,West,8431,12205
2021-06-11,9,South,2230,18198
2021-06-12,8,North,4805,6985
2021-06-13,1,East,7419,16135
2021-06-14,1,South,6750,11167
2021-06-15,9,North,4856,10448
2021-06-16,8,West,4135,6681
2021-06-17,10,South,7953,19956
2021-06-18,9,East,7034,12524
2021-06-19,7,West,5589,7753
2021-06-20,3,West,2546,10082
2021-06-21,3,North,7065,7002
2021-06-22,2,South,2094,8629
2021-06-23,5,West,3411,15278
2021-06-24,3,East,3617,11417
2021-06-25,6,South,9954,4997
2021-06-26,2,East,5145,11963
2021-06-27,3,West,3775,18784
2021-06-28,5,East,7628,7524
2021-06-29,1,North,4155,6407
2021-06-30,1,East,4970,9731
2021-07-01,10,South,8972,10795
2021-07-02,9,East,9775,14332
2021-07-03,7,East,6415,5911
2021-07-04,1,North,5331,19634
2021-07-05,8,East,2942,18194
2021-07-06,3,East,7026,7951
2021-07-07,8,West,9301,11098
2021-07-08,5,West,1191,19117
2021-07-09,1,South,1861,11102
2021-07-10,7,West,7711,8565
2021-07-11,5,West,1649,4173
2021-07-12,6,West,5134,11624
2021-07-13,6,West,8587,17394
2021-07-14,8,North,9828,16256
2021-07-15,9,West,2036,3835
2021-07-16,2,North,5131,14824
2021-07-17,9,North,3148,7567
2021-07-18,10,West,6457,6815
2021-07-19,9,East,7079,19630
2021-07-20,10,North,3430,5429
2021-07-21,10,East,2879,12182
2021-07-22,7,East,8542,12118
2021-07-23,1,West,3011,14630
2021-07-24,7,South,4373,5607
2021-07-25,10,West,8357,8930
2021-07-26,5,South,2289,7022
2021-07-27,6,South,2447,14991
2021-07-28,10,West,4199,9617
2021-07-29,7,West,7381,6151
2021-07-30,5,South,8522,8580
2021-07-31,7,West,7059,10054
2021-08-01,9,South,4183,10619
2021-08-02,3,East,6462,18823
2021-08-03,8,West,4216,16247
2021-08-04,2,East,4136,7573
2021-08-05,7,North,4318,18339
2021-08-06,2,East,3782,6491
2021-08-07,4,East,8657,3706
2021-08-08,7,South,5920,18728
2021-08-09,3,East,7324,9997
2021-08-10,2,West,7327,8233
2021-08-11,10,South,9417,8755
2021-08-12,7,North,1776,9851
2021-08-13,1,West,6208,15126
2021-08-14,8,North,1687,10865
2021-08-15,3,East,1529,15118
2021-08-16,2,West,6067,6317
2021-08-17,3,West,9080,15212
2021-08-18,5,North,6518,14347
2021-08-19,8,West,3153,13390
2021-08-20,10,West,7094,17863
2021-08-21,7,West,7974,19548
2021-08-22,7,East,5774,10060
2021-08-23,7,North,8692,18504
2021-08-24,8,West,4103,6057
2021-08-25,1,South,3440,7428
2021-08-26,4,South,5135,3402
2021-08-27,6,South,8124,11605
2021-08-28,9,South,6201,18761
2021-08-29,2,East,1844,3867
2021-08-30,1,West,1446,16779
2021-08-31,10,North,4915,18155
2021-09-01,2,West,4109,11210
2021-09-02,7,East,2234,3364
2021-09-03,3,South,7587,18366
2021-09-04,10,East,1226,9571
2021-09-05,2,West,5143,19963
2021-09-06,7,North,8185,17017
2021-09-07,2,East,6558,9468
2021-09-08,3,North,1186,7150
2021-09-09,7,East,3535,16065
2021-09-10,4,North,2932,7137
2021-09-11,1,North,3032,15236
2021-09-12,5,South,2252,19836
2021-09-13,9,North,6509,15153
2021-09-14,8,South,6074,16833
2021-09-15,9,West,2881,4381
2021-09-16,10,West,1269,11154
2021-09-17,9,South,2630,4467
2021-09-18,7,South,5405,16439
2021-09-19,4,East,7139,15006
2021-09-20,5,East,2574,6149
2021-09-21,1,East,2695,10892
2021-09-22,1,West,4258,19136
2021-09-23,3,East,4262,4168
2021-09-24,8,North,2445,15356
2021-09-25,2,North,7263,6129
2021-09-26,4,East,9411,18032
2021-09-27,2,North,1052,5526
2021-09-28,5,West,6570,14059
2021-09-29,9,North,8579,6516
2021-09-30,1,West,2666,13386
2021-10-01,5,South,7901,6555
2021-10-02,9,South,3785,19012
2021-10-03,1,South,1719,17157
2021-10-04,9,South,9597,8111
2021-10-05,8,North,7855,9752
2021-10-06,4,East,3294,19829
2021-10-07,10,North,9263,9364
2021-10-08,5,West,5482,6626
2021-10-09,5,North,1698,6875
2021-10-10,6,North,8243,8497
2021-10-11,7,West,6918,18979
2021-10-12,8,South,1348,14529
2021-10-13,8,South,6374,19645
2021-10-14,2,South,8869,16382
2021-10-15,9,East,1307,7025
2021-10-16,7,West,4416,13458
2021-10-17,4,West,5820,16844
2021-10-18,4,North,4558,7175
2021-10-19,8,East,5478,12174
2021-10-20,4,South,7531,6443
2021-10-21,6,East,5620,13725
2021-10-22,5,West,3985,3693
2021-10-23,3,West,9112,11347
2021-10-24,10,North,9467,14780
2021-10-25,2,North,3547,16841
2021-10-26,9,West,1336,17254
2021-10-27,10,South,3979,17021
2021-10-28,9,South,4968,16368
2021-10-29,1,East,1910,8724
2021-10-30,10,West,2996,4407
2021-10-31,3,West,4129,11032
2021-11-01,8,South,6447,17572
2021-11-02,6,South,7129,10394
2021-11-03,5,West,6850,19935
2021-11-04,5,North,5204,14586
2021-11-05,6,West,8446,15926
2021-11-06,7,West,9519,3997
2021-11-07,1,South,1314,17390
2021-11-08,9,South,2134,9099
2021-11-09,3,North,5876,16509
2021-11-10,4,North,9102,8490
2021-11-11,10,East,9347,8616
2021-11-12,1,West,6592,18958
2021-11-13,10,South,2724,5248
2021-11-14,3,North,4343,13748
2021-11-15,2,East,1886,13514
2021-11-16,2,East,1721,11695
2021-11-17,1,South,8678,11070
2021-11-18,8,South,4357,11894
2021-11-19,3,East,1870,19698
2021-11-20,3,North,7751,18123
2021-11-21,6,East,1497,5376
2021-11-22,8,West,2756,7378
2021-11-23,9,West,2117,14182
2021-11-24,9,South,3828,3574
2021-11-25,4,North,2647,16330
2021-11-26,5,North,7992,11949
2021-11-27,2,West,7771,8670
2021-11-28,9,East,1142,9567
2021-11-29,8,South,3761,15716
2021-11-30,3,East,4435,9117
2021-12-01,9,East,7622,10837
2021-12-02,3,East,8069,19587
2021-12-03,9,North,5512,17531
2021-12-04,2,West,2848,11498
2021-12-05,10,North,3696,7109
2021-12-06,9,West,2717,16521
2021-12-07,8,South,4072,11720
2021-12-08,9,South,3786,7893
2021-12-09,5,East,4791,19727
2021-12-10,2,West,4871,11400
2021-12-11,8,West,2806,17606
2021-12-12,6,West,2504,13139
2021-12-13,8,East,4308,5044
2021-12-14,5,East,8117,19802
2021-12-15,10,South,6048,6392
2021-12-16,2,North,9263,13672
2021-12-17,6,West,2690,17444
2021-12-18,5,West,4303,9784
2021-12-19,5,North,4113,4070
2021-12-20,1,West,8850,4850
2021-12-21,2,East,7416,15390
2021-12-22,8,East,2504,5939
2021-12-23,3,West,9924,13095
2021-12-24,10,East,4924,19301
2021-12-25,3,East,9615,10194
2021-12-26,8,West,5485,8851
2021-12-27,8,South,9100,19378
2021-12-28,2,North,9684,3678
2021-12-29,8,East,1191,3988
2021-12-30,1,South,9690,4502
2021-12-31,6,East,5917,19198
2022-01-01,8,East,6831,18867
2022-01-02,3,North,5322,17266
2022-01-03,8,East,7999,9654
2022-01-04,1,North,8282,5440
2022-01-05,9,North,2874,13234
2022-01-06,9,North,5763,10367
2022-01-07,5,South,9464,16490
2022-01-08,10,West,2051,5594
2022-01-09,4,South,8538,8517
2022-01-10,6,West,8411,12219
2022-01-11,7,West,7320,9310
2022-01-12,5,North,3105,6539
2022-01-13,10,East,1307,17744
2022-01-14,9,North,8737,9378
2022-01-15,3,East,4359,12365
2022-01-16,7,West,4176,14422
2022-01-17,10,North,2251,7911
2022-01-18,10,East,6366,3403
2022-01-19,5,South,2517,16180
2022-01-20,7,East,7226,7163
2022-01-21,2,North,6305,19471
2022-01-22,4,South,6869,17336
2022-01-23,2,East,9039,8470
2022-01-24,7,East,5891,17953
2022-01-25,2,East,5992,9276
2022-01-26,1,East,2961,8739
2022-01-27,9,East,3863,9523
2022-01-28,1,South,7603,17993
2022-01-29,8,West,5567,15873
2022-01-30,2,South,7513,16419
2022-01-31,8,South,5005,17457
2022-02-01,3,South,1183,5064
2022-02-02,6,West,8755,8315
2022-02-03,3,North,4358,13566
2022-02-04,7,West,7615,3317
2022-02-05,10,South,7797,9130
2022-02-06,9,East,9728,10419
2022-02-07,2,East,8678,5042
2022-02-08,5,South,6698,7598
2022-02-09,6,East,2273,13214
2022-02-10,4,South,7653,3118
2022-02-11,4,East,2096,3709
2022-02-12,4,West,9002,18857
2022-02-13,2,North,5247,15601
2022-02-14,4,North,6314,6250
2022-02-15,1,West,4354,11061
2022-02-16,6,West,1270,11609
2022-02-17,1,South,2186,5603
2022-02-18,10,South,7305,15046
2022-02-19,6,South,3398,10857
2022-02-20,1,East,7995,14620
2022-02-21,6,South,8299,11177
2022-02-22,10,West,5182,14826
2022-02-23,8,North,3230,16890
2022-02-24,2,East,7511,19892
2022-02-25,2,South,1128,16830
2022-02-26,4,East,4672,12484
2022-02-27,3,East,5765,8495
2022-02-28,4,South,4970,14267
2022-03-01,7,East,8545,10398
2022-03-02,1,North,6552,9743
2022-03-03,6,West,1627,8171
2022-03-04,3,West,7589,19005
2022-03-05,10,North,3044,19708
2022-03-06,7,East,3341,16004
2022-03-07,10,South,6884,13962
2022-03-08,2,East,9185,13775
2022-03-09,2,North,1249,6557
2022-03-10,4,East,3925,6587
2022-03-11,1,West,6043,19535
2022-03-12,3,East,1974,3954
2022-03-13,9,North,8192,16794
2022-03-14,7,West,3672,3687
2022-03-15,7,East,8279,11501
2022-03-16,4,East,8531,18138
2022-03-17,2,West,9662,12694
2022-03-18,4,South,2987,6127
2022-03-19,6,West,1090,15760
2022-03-20,3,South,9721,14559
2022-03-21,1,North,5059,17796
2022-03-22,8,North,3773,6395
2022-03-23,5,West,9383,3845
2022-03-24,5,West,8409,4164
2022-03-25,4,North,5440,15954
2022-03-26,6,South,8347,8904
2022-03-27,3,North,2008,16731
2022-03-28,9,West,4783,3354
2022-03-29,5,North,7646,5817
2022-03-30,3,West,5298,6832
2022-03-31,1,West,5668,15467
2022-04-01,10,North,5287,11257
2022-04-02,6,South,3052,16107
2022-04-03,2,East,7009,15458
2022-04-04,3,North,2716,13713
2022-04-05,1,East,1310,5581
2022-04-06,9,North,5538,12582
2022-04-07,8,East,2260,11418
2022-04-08,2,South,4932,17419
2022-04-09,8,South,1584,14814
2022-04-10,9,North,8616,4036
2022-04-11,1,West,9551,13024
2022-04-12,5,East,3866,13932
2022-04-13,8,West,6898,10435
2022-04-14,2,West,3011,4548
2022-04-15,4,West,7251,8065
2022-04-16,7,South,5939,6407
2022-04-17,3,North,5006,3639
2022-04-18,5,North,2625,3172
2022-04-19,8,South,1890,8666
2022-04-20,10,South,7078,7354
2022-04-21,3,North,8036,13109
2022-04-22,4,West,9923,5886
2022-04-23,9,East,4961,5164
2022-04-24,7,East,3504,6945
2022-04-25,1,East,9806,13401
2022-04-26,4,West,4806,10746
2022-04-27,4,North,7100,14975
2022-04-28,9,South,2719,10754
2022-04-29,6,North,7686,18596
2022-04-30,9,West,2587,8185
2022-05-01,6,South,8000,4093
2022-05-02,6,West,1896,6880
2022-05-03,5,East,6558,13686
2022-05-04,5,East,9469,13771
2022-05-05,2,West,5647,13680
2022-05-06,8,South,3432,5785
2022-05-07,8,South,4904,17799
2022-05-08,1,North,7837,19280
2022-05-09,8,East,2449,9539
2022-05-10,5,North,5500,19016
2022-05-11,2,North,6454,17730
2022-05-12,2,West,5117,13565
2022-05-13,6,West,9869,11060
2022-05-14,9,North,3028,6990
2022-05-15,1,East,7845,7095
2022-05-16,6,West,4758,17549
2022-05-17,9,North,6904,12979
2022-05-18,8,North,5624,8408
2022-05-19,6,North,9848,16937
2022-05-20,3,North,1165,5833
2022-05-21,8,North,5591,8285
2022-05-22,9,North,1589,12589
2022-05-23,1,West,5524,17708
2022-05-24,9,East,3821,17116
2022-05-25,6,North,7509,10645
2022-05-26,6,South,8693,15018
2022-05-27,4,West,1071,13889
2022-05-28,1,West,4580,7777
2022-05-29,10,North,8962,18994
2022-05-30,8,West,1268,5735
2022-05-31,2,North,3462,16611
2022-06-01,1,East,2015,9368
2022-06-02,2,East,8984,3162
2022-06-03,1,West,1406,10777
2022-06-04,1,West,8384,17849
2022-06-05,9,South,7049,6535
2022-06-06,1,West,7169,16403
2022-06-07,4,South,8982,17516
2022-06-08,10,East,1985,10959
2022-06-09,6,East,5485,6933
2022-06-10,7,North,9901,6385
2022-06-11,2,East,3618,3922
2022-06-12,6,South,7289,13367
2022-06-13,7,West,7928,16737
2022-06-14,10,North,6368,3564
2022-06-15,10,South,5621,13789
2022-06-16,2,West,8566,5500
2022-06-17,2,North,5670,9881
2022-06-18,10,East,8658,6636
2022-06-19,7,South,2003,3223
2022-06-20,1,West,8504,9297
2022-06-21,8,North,3466,17895
2022-06-22,3,North,2939,3350
2022-06-23,6,East,2635,7732
2022-06-24,9,West,9095,4017
2022-06-25,6,East,7265,18229
2022-06-26,9,East,2895,10170
2022-06-27,7,West,7524,16303
2022-06-28,9,West,2073,9207
2022-06-29,2,West,6184,15316
2022-06-30,8,South,3402,5419
2022-07-01,8,West,5895,9240
2022-07-02,2,North,8331,4893
2022-07-03,4,East,2956,16753
2022-07-04,7,South,8023,8322
2022-07-05,4,West,4907,14232
2022-07-06,4,South,1807,6117
2022-07-07,6,West,9378,7161
2022-07-08,10,South,5827,18523
2022-07-09,6,East,5524,7042
2022-07-10,10,East,3284,7433
2022-07-11,3,North,6313,17016
2022-07-12,9,North,1757,5658
2022-07-13,10,West,5887,13910
2022-07-14,2,East,4854,5944
2022-07-15,6,South,4558,10210
2022-07-16,7,South,1961,11787
2022-07-17,9,South,4847,4986
2022-07-18,3,North,7726,13942
2022-07-19,10,South,4575,15161
2022-07-20,3,North,3418,6007
2022-07-21,7,North,5198,3969
2022-07-22,4,West,2001,11772
2022-07-23,8,South,6244,5824
2022-07-24,7,South,8119,4211
2022-07-25,5,East,5066,3229
2022-07-26,7,West,3845,18774
2022-07-27,3,East,9849,17345
2022-07-28,2,West,6316,6185
2022-07-29,6,South,1422,18011
2022-07-30,2,North,7715,19885
2022-07-31,3,North,5266,3048
2022-08-01,6,North,8549,18173
2022-08-02,5,North,7316,19770
2022-08-03,8,North,3710,3969
2022-08-04,9,East,9644,17553
2022-08-05,3,West,9069,8820
2022-08-06,10,South,2657,17292
2022-08-07,3,East,3541,6052
2022-08-08,3,West,7763,14609
2022-08-09,6,North,4075,5302
2022-08-10,1,West,4164,5283
2022-08-11,7,West,3053,18385
2022-08-12,1,North,9479,12799
2022-08-13,5,North,6737,18620
2022-08-14,10,North,4217,3122
2022-08-15,8,South,2447,12472
2022-08-16,4,North,7009,6727
2022-08-17,5,South,1607,16732
2022-08-18,4,North,5552,7958
2022-08-19,4,South,2764,3524
2022-08-20,8,West,3671,12079
2022-08-21,2,East,7519,11399
2022-08-22,1,West,4962,19532
2022-08-23,3,West,4177,19821
2022-08-24,9,North,4722,13394
2022-08-25,4,South,5906,6749
2022-08-26,10,East,8263,14353
2022-08-27,5,North,6054,17009
2022-08-28,2,North,1808,14437
2022-08-29,4,North,1725,8336
2022-08-30,2,West,8701,7551
2022-08-31,2,South,2216,5823
2022-09-01,4,South,5051,15916
2022-09-02,6,East,3197,18167
2022-09-03,7,South,3806,11677
2022-09-04,10,South,9970,17868
2022-09-05,3,North,1972,11391
2022-09-06,3,North,6634,15658
2022-09-07,10,West,8483,12663
2022-09-08,6,North,3123,5311
2022-09-09,3,North,9790,10225
2022-09-10,2,North,1224,14565
2022-09-11,8,North,2814,13270
2022-09-12,5,West,2106,16560
2022-09-13,1,North,1124,19988
2022-09-14,3,East,4246,18965
2022-09-15,10,East,3931,8785
2022-09-16,8,East,3971,15067
2022-09-17,4,East,3017,11740
2022-09-18,7,North,8415,16653
2022-09-19,10,East,3415,6815
2022-09-20,2,North,4096,7709
2022-09-21,7,West,2609,7507
2022-09-22,5,East,1717,9575
2022-09-23,5,South,4561,7773
2022-09-24,6,East,7782,15446
2022-09-25,9,East,2048,13464
2022-09-26,6,North,9307,18864
2022-09-27,8,East,8905,6320
2022-09-28,7,South,6578,13750
2022-09-29,9,North,2620,7698
2022-09-30,4,North,7548,9058
2022-10-01,2,West,8381,3726
2022-10-02,7,West,5780,9697
2022-10-03,6,East,4792,14910
2022-10-04,1,West,3941,12257
2022-10-05,9,West,6695,15963
2022-10-06,9,West,7401,19666
2022-10-07,2,North,7197,4081
2022-10-08,3,North,6450,13776
2022-10-09,5,North,9975,17196
2022-10-10,5,West,9432,12344
2022-10-11,1,North,6874,18958
2022-10-12,8,West,2553,14689
2022-10-13,8,North,2012,7760
2022-10-14,4,North,9378,16436
2022-10-15,7,South,2881,3066
2022-10-16,10,East,7799,3564
2022-10-17,3,West,5586,16393
2022-10-18,6,South,9622,6670
2022-10-19,10,North,9430,5251
2022-10-20,10,West,7447,15949
2022-10-21,9,North,3345,3804
2022-10-22,1,East,1075,12583
2022-10-23,5,South,6877,15224
2022-10-24,4,East,7785,9016
2022-10-25,8,South,5922,16036
2022-10-26,1,North,9090,15392
2022-10-27,9,East,3330,10938
2022-10-28,6,East,5686,7141
2022-10-29,4,North,2902,12546
2022-10-30,9,East,5670,8335
2022-10-31,5,West,8143,8077
2022-11-01,5,South,3059,16247
2022-11-02,5,South,1140,8611
2022-11-03,1,South,2789,11089
2022-11-04,1,West,1016,5892
2022-11-05,8,South,1464,8577
2022-11-06,8,North,5471,9683
2022-11-07,6,East,2827,4507
2022-11-08,4,West,9711,19335
2022-11-09,2,South,6956,5063
2022-11-10,2,North,1089,5000
2022-11-11,9,East,5815,18566
2022-11-12,5,East,3851,4294
2022-11-13,4,West,3843,18096
2022-11-14,10,West,7543,7065
2022-11-15,1,West,6901,17090
2022-11-16,7,North,1969,12318
2022-11-17,3,North,2094,11488
2022-11-18,6,West,7124,14241
2022-11-19,5,South,8347,13417
2022-11-20,5,East,4195,18574
2022-11-21,5,East,2404,18302
2022-11-22,1,North,7940,17650
2022-11-23,1,East,5290,16350
2022-11-24,3,South,4982,5096
2022-11-25,10,East,6555,14801
2022-11-26,4,North,8954,19559
2022-11-27,5,North,5713,10169
2022-11-28,2,South,4092,16288
2022-11-29,8,South,5159,13694
2022-11-30,2,East,7308,15191
2022-12-01,9,East,8478,13737
2022-12-02,2,North,9476,8147
2022-12-03,9,South,5933,9199
2022-12-04,7,South,5926,3546
2022-12-05,8,South,4969,8231
2022-12-06,2,East,3965,10965
2022-12-07,7,South,5319,5040
2022-12-08,6,North,9975,4752
2022-12-09,4,North,8108,4849
2022-12-10,7,East,4939,5642
2022-12-11,4,West,1044,4600
2022-12-12,2,East,2810,16951
2022-12-13,10,West,5566,14797
2022-12-14,7,South,2909,4132
2022-12-15,8,East,7364,8491
2022-12-16,2,North,3581,8795
2022-12-17,5,South,1691,13531
2022-12-18,1,North,1931,13931
2022-12-19,7,South,8910,10633
2022-12-20,8,East,7382,8009
2022-12-21,6,West,4406,5113
2022-12-22,5,South,9339,4044
2022-12-23,6,West,2032,16923
2022-12-24,2,South,2311,5431
2022-12-25,1,North,9579,16926
2022-12-26,7,North,4121,4582
2022-12-27,7,South,2873,17374
2022-12-28,10,West,7781,4308
2022-12-29,10,East,4748,11793
2022-12-30,2,East,1277,4620
